src/components/ui/landscape/SemanticButton.tsx	61
src/app/components/Link.tsx	26
src/components/ui/landscape/SemanticBadge.tsx	23
src/components/ui/landscape/LandscapeButton.tsx	21
src/components/admin/ExportButton.tsx	12
src/app/components/Planning/CollapsibleSection.tsx	7
src/components/operations/InputCell.tsx	7
src/components/icons/LandscaperIcon.tsx	6
src/components/map/ProjectTabMap.tsx	6
src/components/operations/DetailSummaryToggle.tsx	6
src/components/operations/SectionCard.tsx	6
src/components/ui/landscape/PropertyTypeBadge.tsx	6
src/app/components/Navigation.tsx	5
src/app/components/ProjectProvider.tsx	5
src/app/components/layout/vertical/Navigation.tsx	5
src/app/components/new-project/Badge.tsx	5
src/components/dms/modals/DeleteConfirmModal.tsx	5
src/components/operations/AddButton.tsx	5
src/components/project/ProjectSubNav.tsx	5
src/app/components/AdminNavBar.tsx	4
src/app/components/MarketAssumptions.tsx	4
src/app/components/NewProjectModal.tsx	4
src/app/components/Planning/PlanningContent.tsx	4
src/app/components/PlanningWizard/DropZone.tsx	4
src/components/auth/ProtectedRoute.tsx	4
src/components/budget/BudgetGridTab.tsx	4
src/components/changelog/VersionBadge.tsx	4
src/components/dms/DMSView.tsx	4
src/components/dms/modals/RenameModal.tsx	4
src/components/landscaper/ChatMessageBubble.tsx	4
src/components/map/MapOblique.tsx	4
src/app/components/Market/MarketAssumptions.tsx	3
src/app/components/new-project/LandscaperPanel.tsx	3
src/components/acquisition/AcquisitionLedgerGrid.tsx	3
src/components/benchmarks/LandscaperPanel.tsx	3
src/components/budget/CategoryTreeManager.tsx	3
src/components/budget/custom/DataGrid.tsx	3
src/components/capitalization/MetricCard.tsx	3
src/components/dms/modals/MediaPickerModal.tsx	3
src/components/dms/profile/ProfileForm.tsx	3
src/components/landscaper/ActivityFeed.tsx	3
src/components/landscaper/LandscaperPanel.tsx	3
src/components/landscaper/LandscaperProgress.tsx	3
src/components/napkin/LandscaperPanel.tsx	3
src/components/napkin/NapkinSfdPricing.tsx	3
src/components/operations/EvidenceCell.tsx	3
src/components/project/ActivityFeed.tsx	3
src/components/project/MetricCard.tsx	3
src/components/project/ProjectProfileEditModal.tsx	3
src/components/sales/SalesContent.tsx	3
src/components/valuation/assumptions/GrowthRateSelect.tsx	3
src/app/components/Budget/BudgetGrid.tsx	2
src/app/components/Budget/BudgetGridDark.tsx	2
src/app/components/Header.tsx	2
src/app/components/LandUse/SimpleTaxonomySelector.tsx	2
src/app/components/MapLibre/GISMap.tsx	2
src/app/components/Market/MarketMapView.tsx	2
src/app/components/OpExHierarchy.tsx	2
src/app/components/PlanningWizard/NavigationTiles.tsx	2
src/app/components/PlanningWizard/cards/ParcelDetailCard.tsx	2
src/app/components/PlanningWizard/forms/ParcelForm.tsx	2
src/app/components/ThemeToggle.tsx	2
src/app/components/TopNavigationBar.tsx	2
src/app/components/assumptions/FieldGroup.tsx	2
src/app/components/assumptions/FieldRenderer.tsx	2
src/app/components/dashboard/TriageModal.tsx	2
src/app/components/theme/ModeChanger.tsx	2
src/components/admin/ReportTemplateEditorModal.tsx	2
src/components/benchmarks/AddBenchmarkModal.tsx	2
src/components/benchmarks/BenchmarkAccordion.tsx	2
src/components/benchmarks/GrowthRateCategoryPanel.tsx	2
src/components/budget/custom/ColoredDotIndicator.tsx	2
src/components/budget/fields/FieldRenderer.tsx	2
src/components/capitalization/LoanBudgetModal.tsx	2
src/components/capitalization/LoanScheduleGrid.tsx	2
src/components/capitalization/NapkinWaterfallForm.tsx	2
src/components/common/UOMSelect.tsx	2
src/components/contacts/ContactTypeahead.tsx	2
src/components/dashboard/CompletenessBar.tsx	2
src/components/dms/modals/DocumentChatModal.tsx	2
src/components/dms/modals/MediaPreviewModal.tsx	2
src/components/dms/upload/Dropzone.tsx	2
src/components/dms/views/DocumentPreviewPanel.tsx	2
src/components/extraction/StagingModal.tsx	2
src/components/feasibility/FeasibilitySubNav.tsx	2
src/components/landscaper/CollapsedLandscaperStrip.tsx	2
src/components/napkin/NapkinCompsMap.tsx	2
src/components/operations/GrowthBadge.tsx	2
src/components/projects/onboarding/NewProjectDropZone.tsx	2
src/components/reports/PropertySummaryView.tsx	2
src/components/shared/EntityMediaDisplay.tsx	2
src/components/shared/ModeToggle.tsx	2
